bleu;sari;fkgl;pbert_ref;rbert_ref;fbert_ref;pbert_src;rbert_src;fbert_src;ppl_mean;ppl_std;lens;lens_std;intra_dist1;intra_dist2;inter_dist1;inter_dist2;Compression ratio;Sentence splits;Levenshtein similarity;Exact copies;Additions proportion;Deletions proportion;Lexical complexity score;file_id
50.6072;35.6892;7.752;79.3793;69.3631;74.2967;87.1001;74.8507;80.9042;82.8961;75.805;63.2764;13.5095;93.7497;99.6012;28.5269;79.8173;0.8114;1.0034;0.8443;0.0137;0.074;0.2353;8.4909;/home/user/kew/projects/simple_fudge/resources/muss/outputs/newsela_manual_v0_v1_test_lr0.3_ls0.99_wr0.54_td1.45.pred
28.7245;36.5665;7.2699;67.0232;60.4435;63.7024;80.4891;68.6233;74.5189;107.9844;147.2663;60.2684;14.6585;94.1795;99.6166;29.9026;81.9365;0.7782;1.0253;0.7525;0.0028;0.1475;0.3455;8.5173;/home/user/kew/projects/simple_fudge/resources/muss/outputs/newsela_manual_v0_v2_test_lr0.75_ls0.82_wr0.94_td0.22.pred
19.27;38.0481;5.1896;57.7808;47.1227;52.3929;75.853;55.0251;65.2641;110.2313;112.7171;57.0125;20.2105;95.4439;99.7352;31.215;82.6212;0.6194;1.0143;0.6822;0.0;0.1193;0.451;8.3662;/home/user/kew/projects/simple_fudge/resources/muss/outputs/newsela_manual_v0_v3_test_lr0.52_ls0.85_wr0.45_td0.62.pred
15.9557;39.6268;5.6079;49.5408;45.9731;47.7411;74.6289;56.3228;65.3496;115.1505;116.503;55.2228;18.7059;94.7878;99.684;33.6069;84.7131;0.6507;1.0375;0.6815;0.0;0.1346;0.443;8.3851;/home/user/kew/projects/simple_fudge/resources/muss/outputs/newsela_manual_v0_v4_test_lr0.47_ls0.79_wr0.43_td0.42.pred
78.492;32.4949;9.3577;87.5307;88.1584;87.8041;98.8603;98.2676;98.5568;79.9675;73.1401;65.0249;12.2151;92.0551;99.1328;27.9902;78.6087;0.9911;1.0388;0.9903;0.8877;0.0066;0.0147;8.6131;/home/user/kew/projects/simple_fudge/resources/supervised/newsela_manual/results/newsela_manual_v0_v1_test/lambda0.0_pretopk200_beams5_estopFalse_maxl128_minl10_sampleFalse_lp1.0_norep1_bgrps1_nbest5_repp1.0_softFalse_temp1.0_topk0_topp1.0_bs1.txt
61.7815;31.1198;8.8775;75.911;78.5624;77.1735;97.4183;96.5894;96.991;79.5263;70.4079;62.2375;13.6596;91.99;98.571;28.2168;78.9043;0.9908;1.0955;0.979;0.796;0.015;0.0268;8.5995;/home/user/kew/projects/simple_fudge/resources/supervised/newsela_manual/results/newsela_manual_v0_v2_test/lambda0.0_pretopk200_beams5_estopFalse_maxl128_minl10_sampleFalse_lp1.0_norep1_bgrps1_nbest5_repp1.0_softFalse_temp1.0_topk0_topp1.0_bs1.txt
46.7712;37.8912;6.6494;63.502;65.0856;64.204;89.9216;84.653;87.2134;141.6514;929.4649;60.9907;19.3589;91.2324;96.6632;28.963;78.667;0.9297;1.3396;0.9009;0.4822;0.0599;0.1266;8.5263;/home/user/kew/projects/simple_fudge/resources/supervised/newsela_manual/results/newsela_manual_v0_v3_test/lambda0.0_pretopk200_beams5_estopFalse_maxl128_minl10_sampleFalse_lp1.0_norep1_bgrps1_nbest5_repp1.0_softFalse_temp1.0_topk0_topp1.0_bs1.txt
30.7737;43.22;5.0882;51.0359;49.2512;50.0427;75.2439;62.0443;68.4758;200.4673;758.055;58.9357;25.8297;91.6101;92.34;30.4214;78.5064;0.7756;1.4546;0.7403;0.2422;0.1174;0.3227;8.5876;/home/user/kew/projects/simple_fudge/resources/supervised/newsela_manual/results/newsela_manual_v0_v4_test/lambda0.0_pretopk200_beams5_estopFalse_maxl128_minl10_sampleFalse_lp1.0_norep1_bgrps1_nbest5_repp1.0_softFalse_temp1.0_topk0_topp1.0_bs1.txt
75.5332;38.6661;9.0598;87.341;85.7312;86.4837;97.5501;94.4325;95.9482;129.7296;852.7054;64.933;13.699;92.3445;98.5071;28.2256;78.5605;0.9582;1.0;0.9668;0.811;0.0071;0.0456;8.5912;/home/user/kew/projects/simple_fudge/resources/supervised/newsela_auto/results/newsela_manual_v0_v1_test/lambda0.0_pretopk200_beams5_estopFalse_maxl128_minl10_sampleFalse_lp1.0_norep1_bgrps1_nbest5_repp1.0_softFalse_temp1.0_topk0_topp1.0_bs1.txt
53.5327;42.2354;7.5371;75.7409;70.5803;73.0312;92.4391;82.5378;87.328;130.114;863.6153;63.9114;15.7785;93.6894;98.4939;29.0994;79.6491;0.8593;0.9963;0.8862;0.5694;0.0183;0.1522;8.5647;/home/user/kew/projects/simple_fudge/resources/supervised/newsela_auto/results/newsela_manual_v0_v2_test/lambda0.0_pretopk200_beams5_estopFalse_maxl128_minl10_sampleFalse_lp1.0_norep1_bgrps1_nbest5_repp1.0_softFalse_temp1.0_topk0_topp1.0_bs1.txt
36.0403;44.8143;5.4024;63.673;53.9279;58.6534;82.8179;64.86;73.5433;257.9398;1436.8303;59.4084;22.9911;95.3654;95.1087;30.9859;81.5324;0.7077;0.9828;0.7593;0.3625;0.0281;0.3031;8.4896;/home/user/kew/projects/simple_fudge/resources/supervised/newsela_auto/results/newsela_manual_v0_v3_test/lambda0.0_pretopk200_beams5_estopFalse_maxl128_minl10_sampleFalse_lp1.0_norep1_bgrps1_nbest5_repp1.0_softFalse_temp1.0_topk0_topp1.0_bs1.txt
22.3887;46.9431;3.6986;52.0885;38.6504;45.1578;70.3496;45.6258;57.5567;340.5715;1540.9722;51.8399;29.8063;96.4678;88.4664;35.2074;84.1614;0.5668;0.9969;0.6228;0.2383;0.039;0.4566;8.6373;/home/user/kew/projects/simple_fudge/resources/supervised/newsela_auto/results/newsela_manual_v0_v4_test/lambda0.0_pretopk200_beams5_estopFalse_maxl128_minl10_sampleFalse_lp1.0_norep1_bgrps1_nbest5_repp1.0_softFalse_temp1.0_topk0_topp1.0_bs1.txt
65.1594;36.6091;9.1521;81.2255;80.0698;80.5785;90.8667;88.0362;89.4163;91.8768;315.1927;60.7027;17.2814;91.5912;98.6221;27.2966;77.008;0.9747;1.0151;0.8857;0.1753;0.0798;0.1083;8.5526;/home/user/kew/projects/simple_fudge/resources/fudge/results/bart_large_muss_mined_en/newsela_l1_article_para_sents/newsela_manual_v0_v1_test/lambda0.0_pretopk200_beams5_estopFalse_maxl128_minl10_sampleFalse_lp1.0_norep1_bgrps1_nbest5_repp1.2_softFalse_temp1.0_topk0_topp1.0_bs1.txt
60.8377;36.3216;8.8209;79.962;76.3695;78.1036;89.2707;83.827;86.5002;92.4594;315.4803;58.9914;19.7991;91.6849;97.79;27.8679;77.6528;0.9524;1.0094;0.8638;0.137;0.0821;0.1438;8.5944;/home/user/kew/projects/simple_fudge/resources/fudge/results/bart_large_muss_mined_en/newsela_l1_article_para_sents/newsela_manual_v0_v1_test/lambda1.0_pretopk200_beams5_estopFalse_maxl128_minl10_sampleFalse_lp1.0_norep1_bgrps1_nbest5_repp1.2_softFalse_temp1.0_topk0_topp1.0_bs1.txt
52.8444;35.0069;9.125;71.5401;72.5424;71.9687;90.8813;87.919;89.3639;92.4629;320.3616;58.4193;17.5628;91.5279;98.5752;27.5563;77.2722;0.973;1.0156;0.8854;0.1785;0.08;0.1098;8.5567;/home/user/kew/projects/simple_fudge/resources/fudge/results/bart_large_muss_mined_en/newsela_l2_article_para_sents/newsela_manual_v0_v2_test/lambda0.0_pretopk200_beams5_estopFalse_maxl128_minl10_sampleFalse_lp1.0_norep1_bgrps1_nbest5_repp1.2_softFalse_temp1.0_topk0_topp1.0_bs1.txt
49.1512;36.6504;8.6387;72.2916;70.4512;71.3113;90.6942;84.1534;87.3712;94.0066;320.2667;59.4658;16.4027;92.5322;99.0691;28.441;78.5224;0.9248;1.0084;0.8713;0.102;0.0779;0.151;8.5604;/home/user/kew/projects/simple_fudge/resources/fudge/results/bart_large_muss_mined_en/newsela_l2_article_para_sents/newsela_manual_v0_v2_test/lambda1.0_pretopk200_beams5_estopFalse_maxl128_minl10_sampleFalse_lp1.0_norep1_bgrps1_nbest5_repp1.2_softFalse_temp1.0_topk0_topp1.0_bs1.txt
41.3373;39.9937;7.0833;66.9573;69.4098;68.1051;82.2091;81.2781;81.6832;68.2207;65.3005;58.3941;17.5918;88.72;97.1533;24.2267;70.9622;1.0678;1.5173;0.8143;0.0283;0.1938;0.165;8.4857;/home/user/kew/projects/simple_fudge/resources/fudge/results/bart_large_muss_mined_en/newsela_l2_article_para_sents/newsela_manual_v0_v2_test/lambda7.0_pretopk200_beams5_estopFalse_maxl128_minl10_sampleFalse_lp1.0_norep1_bgrps1_nbest5_repp1.2_softFalse_temp1.0_topk0_topp1.0_bs1.txt
38.6874;30.8742;9.0926;60.8362;65.1362;62.8984;90.8646;88.0889;89.4397;97.6602;341.6717;55.9805;17.6112;91.3635;98.473;28.8317;78.5146;0.9782;1.0146;0.8865;0.1812;0.0818;0.1078;8.5681;/home/user/kew/projects/simple_fudge/resources/fudge/results/bart_large_muss_mined_en/newsela_l3_article_para_sents/newsela_manual_v0_v3_test/lambda0.0_pretopk200_beams5_estopFalse_maxl128_minl10_sampleFalse_lp1.0_norep1_bgrps1_nbest5_repp1.2_softFalse_temp1.0_topk0_topp1.0_bs1.txt
39.2483;35.3505;8.3725;61.5406;62.9039;62.1736;88.8278;82.2565;85.4913;99.6452;348.664;55.1996;19.4687;91.619;97.9097;28.888;77.9459;0.9286;1.0573;0.8594;0.0583;0.0905;0.1635;8.5627;/home/user/kew/projects/simple_fudge/resources/fudge/results/bart_large_muss_mined_en/newsela_l3_article_para_sents/newsela_manual_v0_v3_test/lambda1.0_pretopk200_beams5_estopFalse_maxl128_minl10_sampleFalse_lp1.0_norep1_bgrps1_nbest5_repp1.2_softFalse_temp1.0_topk0_topp1.0_bs1.txt
26.6266;40.6581;5.1132;47.9914;52.41;50.0698;66.0084;64.9222;65.3659;192.3524;731.6371;37.8119;26.0969;85.8461;91.9212;24.6193;70.6492;1.0993;1.9179;0.7201;0.0097;0.2736;0.2658;8.5273;/home/user/kew/projects/simple_fudge/resources/fudge/results/bart_large_muss_mined_en/newsela_l3_article_para_sents/newsela_manual_v0_v3_test/lambda7.0_pretopk200_beams5_estopFalse_maxl128_minl10_sampleFalse_lp1.0_norep1_bgrps1_nbest5_repp1.2_softFalse_temp1.0_topk0_topp1.0_bs1.txt
65.1594;36.6091;9.1521;81.2255;80.0698;80.5785;90.8667;88.0362;89.4163;91.8768;315.1927;60.7027;17.2814;91.5912;98.6221;27.2966;77.008;0.9747;1.0151;0.8857;0.1753;0.0798;0.1083;8.5526;/home/user/kew/projects/simple_fudge/resources/fudge/results/bart_large_muss_mined_en/newsela_l4_article_para_sents/newsela_manual_v0_v1_test/lambda0.0_pretopk200_beams5_estopFalse_maxl128_minl10_sampleFalse_lp1.0_norep1_bgrps1_nbest5_repp1.2_softFalse_temp1.0_topk0_topp1.0_bs1.txt
44.1926;38.6725;7.2637;68.3983;64.5301;66.3794;84.2586;75.4455;79.7662;88.3598;122.578;55.2239;22.9109;91.1477;97.6075;27.354;75.9596;0.894;1.1795;0.818;0.051;0.1267;0.2284;8.5439;/home/user/kew/projects/simple_fudge/resources/fudge/results/bart_large_muss_mined_en/newsela_l4_article_para_sents/newsela_manual_v0_v2_test/lambda2.0_pretopk200_beams5_estopFalse_maxl128_minl10_sampleFalse_lp1.0_norep1_bgrps1_nbest5_repp1.2_softFalse_temp1.0_topk0_topp1.0_bs1.txt
25.7453;41.0182;3.2874;48.0412;53.647;50.7064;64.9015;64.8358;64.7287;116.6527;153.0332;35.9751;27.137;86.545;95.7014;26.0195;72.8561;1.1022;2.6502;0.7357;0.0032;0.2945;0.2695;8.5219;/home/user/kew/projects/simple_fudge/resources/fudge/results/bart_large_muss_mined_en/newsela_l4_article_para_sents/newsela_manual_v0_v3_test/lambda6.0_pretopk200_beams5_estopFalse_maxl128_minl10_sampleFalse_lp1.0_norep1_bgrps1_nbest5_repp1.2_softFalse_temp1.0_topk0_topp1.0_bs1.txt
25.1485;25.6114;9.4138;49.6919;57.7321;53.6039;90.8469;88.3846;89.5801;96.9709;361.835;53.5839;17.202;90.9001;98.3698;30.8316;79.769;0.9828;1.0098;0.8861;0.1797;0.0836;0.106;8.6224;/home/user/kew/projects/simple_fudge/resources/fudge/results/bart_large_muss_mined_en/newsela_l4_article_para_sents/newsela_manual_v0_v4_test/lambda0.0_pretopk200_beams5_estopFalse_maxl128_minl10_sampleFalse_lp1.0_norep1_bgrps1_nbest5_repp1.2_softFalse_temp1.0_topk0_topp1.0_bs1.txt
25.9201;30.5994;8.3297;50.7878;55.6382;53.1528;88.3541;80.454;84.3449;80.4662;73.8749;53.3079;20.0232;91.5434;98.4508;31.7792;81.3209;0.907;1.0698;0.8555;0.0703;0.0925;0.1834;8.6475;/home/user/kew/projects/simple_fudge/resources/fudge/results/bart_large_muss_mined_en/newsela_l4_article_para_sents/newsela_manual_v0_v4_test/lambda1.0_pretopk200_beams5_estopFalse_maxl128_minl10_sampleFalse_lp1.0_norep1_bgrps1_nbest5_repp1.2_softFalse_temp1.0_topk0_topp1.0_bs1.txt
15.8886;39.0957;2.7921;36.0394;46.3601;41.0052;57.6955;59.5729;58.4597;142.8508;178.3756;30.8841;26.5627;85.4294;95.0601;26.4784;71.9408;1.1535;3.1579;0.7024;0.0;0.3477;0.3014;8.5371;/home/user/kew/projects/simple_fudge/resources/fudge/results/bart_large_muss_mined_en/newsela_l4_article_para_sents/newsela_manual_v0_v4_test/lambda8.0_pretopk200_beams5_estopFalse_maxl128_minl10_sampleFalse_lp1.0_norep1_bgrps1_nbest5_repp1.2_softFalse_temp1.0_topk0_topp1.0_bs1.txt
65.1594;36.6091;9.1521;81.2255;80.0698;80.5785;90.8667;88.0362;89.4163;91.8768;315.1927;60.7027;17.2814;91.5912;98.6221;27.2966;77.008;0.9747;1.0151;0.8857;0.1753;0.0798;0.1083;8.5526;/home/user/kew/projects/simple_fudge/resources/fudge/results/bart_large_muss_mined_en/newsela_l1_article_paragraphs/newsela_manual_v0_v1_test/lambda0.0_pretopk200_beams5_estopFalse_maxl128_minl10_sampleFalse_lp1.0_norep1_bgrps1_nbest5_repp1.2_softFalse_temp1.0_topk0_topp1.0_bs1.txt
61.3065;36.5611;8.8351;81.469;77.8597;79.6081;90.7671;85.349;88.0145;93.4641;315.1099;61.448;16.3277;92.5485;98.8873;28.133;78.4887;0.9367;1.0039;0.8758;0.1315;0.0735;0.1363;8.5644;/home/user/kew/projects/simple_fudge/resources/fudge/results/bart_large_muss_mined_en/newsela_l1_article_paragraphs/newsela_manual_v0_v1_test/lambda1.0_pretopk200_beams5_estopFalse_maxl128_minl10_sampleFalse_lp1.0_norep1_bgrps1_nbest5_repp1.2_softFalse_temp1.0_topk0_topp1.0_bs1.txt
51.0214;38.2307;6.8618;72.4968;75.1101;73.6839;79.9075;81.5689;80.6355;138.632;1304.4598;55.385;22.0644;86.4206;94.8082;23.1777;68.6215;1.1504;1.6184;0.8067;0.0356;0.21;0.1395;8.5065;/home/user/kew/projects/simple_fudge/resources/fudge/results/bart_large_muss_mined_en/newsela_l1_article_paragraphs/newsela_manual_v0_v1_test/lambda8.0_pretopk200_beams5_estopFalse_maxl128_minl10_sampleFalse_lp1.0_norep1_bgrps1_nbest5_repp1.2_softFalse_temp1.0_topk0_topp1.0_bs1.txt
52.8444;35.0069;9.125;71.5401;72.5424;71.9687;90.8813;87.919;89.3639;92.4629;320.3616;58.4193;17.5628;91.5279;98.5752;27.5563;77.2722;0.973;1.0156;0.8854;0.1785;0.08;0.1098;8.5567;/home/user/kew/projects/simple_fudge/resources/fudge/results/bart_large_muss_mined_en/newsela_l2_article_paragraphs/newsela_manual_v0_v2_test/lambda0.0_pretopk200_beams5_estopFalse_maxl128_minl10_sampleFalse_lp1.0_norep1_bgrps1_nbest5_repp1.2_softFalse_temp1.0_topk0_topp1.0_bs1.txt
50.2253;37.1307;8.6042;72.4666;71.0479;71.7055;90.9698;84.909;87.8974;78.3658;102.5054;59.7822;16.3748;92.6163;99.1951;28.4542;78.6489;0.9264;1.0263;0.8764;0.1048;0.0734;0.1433;8.5748;/home/user/kew/projects/simple_fudge/resources/fudge/results/bart_large_muss_mined_en/newsela_l2_article_paragraphs/newsela_manual_v0_v2_test/lambda1.0_pretopk200_beams5_estopFalse_maxl128_minl10_sampleFalse_lp1.0_norep1_bgrps1_nbest5_repp1.2_softFalse_temp1.0_topk0_topp1.0_bs1.txt
34.8839;38.7591;5.5597;56.3175;63.3597;59.707;69.5372;74.3425;71.8483;103.7336;442.2948;37.6904;27.4453;81.9179;91.6141;22.6201;67.4333;1.2772;2.1081;0.7597;0.0227;0.2902;0.1554;8.5248;/home/user/kew/projects/simple_fudge/resources/fudge/results/bart_large_muss_mined_en/newsela_l2_article_paragraphs/newsela_manual_v0_v2_test/lambda10.0_pretopk200_beams5_estopFalse_maxl128_minl10_sampleFalse_lp1.0_norep1_bgrps1_nbest5_repp1.2_softFalse_temp1.0_topk0_topp1.0_bs1.txt
38.6874;30.8742;9.0926;60.8362;65.1362;62.8984;90.8646;88.0889;89.4397;97.6602;341.6717;55.9805;17.6112;91.3635;98.473;28.8317;78.5146;0.9782;1.0146;0.8865;0.1812;0.0818;0.1078;8.5681;/home/user/kew/projects/simple_fudge/resources/fudge/results/bart_large_muss_mined_en/newsela_l3_article_paragraphs/newsela_manual_v0_v3_test/lambda0.0_pretopk200_beams5_estopFalse_maxl128_minl10_sampleFalse_lp1.0_norep1_bgrps1_nbest5_repp1.2_softFalse_temp1.0_topk0_topp1.0_bs1.txt
38.0382;34.2635;8.2254;62.5484;63.335;62.8941;90.6823;83.149;86.8567;76.5649;64.587;58.0584;16.311;93.0299;99.4216;30.0239;81.1249;0.9093;1.0303;0.8704;0.068;0.0791;0.1615;8.56;/home/user/kew/projects/simple_fudge/resources/fudge/results/bart_large_muss_mined_en/newsela_l3_article_paragraphs/newsela_manual_v0_v3_test/lambda1.0_pretopk200_beams5_estopFalse_maxl128_minl10_sampleFalse_lp1.0_norep1_bgrps1_nbest5_repp1.2_softFalse_temp1.0_topk0_topp1.0_bs1.txt
22.2921;40.531;3.8477;45.2761;55.8347;50.4251;62.7616;69.0527;65.8204;89.6588;98.335;38.2752;25.8731;83.9294;95.2166;23.1974;69.3958;1.3123;2.9497;0.7177;0.0065;0.3636;0.2121;8.4902;/home/user/kew/projects/simple_fudge/resources/fudge/results/bart_large_muss_mined_en/newsela_l3_article_paragraphs/newsela_manual_v0_v3_test/lambda10.0_pretopk200_beams5_estopFalse_maxl128_minl10_sampleFalse_lp1.0_norep1_bgrps1_nbest5_repp1.2_softFalse_temp1.0_topk0_topp1.0_bs1.txt
56.4225;36.262;8.2208;79.5048;73.7848;76.5755;88.2016;80.4007;84.2348;81.1996;107.5942;59.1492;20.0025;91.9195;97.7543;27.9187;77.8421;0.9148;1.0476;0.8488;0.0685;0.0895;0.1847;8.5872;/home/user/kew/projects/simple_fudge/resources/fudge/results/bart_large_muss_mined_en/newsela_l4_article_paragraphs/newsela_manual_v0_v1_test/lambda1.0_pretopk200_beams5_estopFalse_maxl128_minl10_sampleFalse_lp1.0_norep1_bgrps1_nbest5_repp1.2_softFalse_temp1.0_topk0_topp1.0_bs1.txt
53.5285;37.655;7.1756;77.6001;72.3238;74.8905;85.3485;78.0472;81.6384;121.0761;751.8046;58.1787;21.7485;91.441;97.3957;27.7547;77.8949;0.9173;1.1859;0.8286;0.0493;0.1225;0.2127;8.573;/home/user/kew/projects/simple_fudge/resources/fudge/results/bart_large_muss_mined_en/newsela_l4_article_paragraphs/newsela_manual_v0_v1_test/lambda2.0_pretopk200_beams5_estopFalse_maxl128_minl10_sampleFalse_lp1.0_norep1_bgrps1_nbest5_repp1.2_softFalse_temp1.0_topk0_topp1.0_bs1.txt
45.1626;35.7177;4.2039;65.095;63.91;64.3651;70.9593;68.3536;69.5381;185.7258;1047.9161;40.611;28.0631;85.7611;92.7788;24.9499;73.141;1.0269;2.1225;0.7571;0.0219;0.2251;0.2469;8.5301;/home/user/kew/projects/simple_fudge/resources/fudge/results/bart_large_muss_mined_en/newsela_l4_article_paragraphs/newsela_manual_v0_v1_test/lambda5.0_pretopk100_beams5_estopFalse_maxl128_minl10_sampleFalse_lp1.0_norep1_bgrps1_nbest5_repp1.0_softFalse_temp1.0_topk0_topp1.0_bs1.txt
45.9675;35.8919;5.7096;68.499;66.9545;67.6544;74.3056;71.7127;72.955;90.0862;111.903;45.0761;26.4699;87.549;96.1325;25.7086;74.7189;1.0292;1.7136;0.7798;0.0301;0.2233;0.2323;8.4874;/home/user/kew/projects/simple_fudge/resources/fudge/results/bart_large_muss_mined_en/newsela_l4_article_paragraphs/newsela_manual_v0_v1_test/lambda5.0_pretopk200_beams5_estopFalse_maxl128_minl10_sampleFalse_lp1.0_norep1_bgrps1_nbest5_repp1.2_softFalse_temp1.0_topk0_topp1.0_bs1.txt
44.7692;39.2626;7.1197;69.4879;66.8085;68.0859;85.7162;78.2982;81.947;122.5444;764.3782;57.097;21.3544;91.4356;97.6755;28.001;78.2032;0.9173;1.1923;0.8313;0.0482;0.1224;0.2111;8.5589;/home/user/kew/projects/simple_fudge/resources/fudge/results/bart_large_muss_mined_en/newsela_l4_article_paragraphs/newsela_manual_v0_v2_test/lambda2.0_pretopk200_beams5_estopFalse_maxl128_minl10_sampleFalse_lp1.0_norep1_bgrps1_nbest5_repp1.2_softFalse_temp1.0_topk0_topp1.0_bs1.txt
42.0884;40.1168;6.368;66.4403;64.4243;65.3758;81.4106;74.8485;78.0771;89.1199;125.7;52.2306;24.0594;90.1898;97.6693;26.7577;76.9599;0.9408;1.3762;0.805;0.0312;0.1653;0.2344;8.5035;/home/user/kew/projects/simple_fudge/resources/fudge/results/bart_large_muss_mined_en/newsela_l4_article_paragraphs/newsela_manual_v0_v2_test/lambda3.0_pretopk200_beams5_estopFalse_maxl128_minl10_sampleFalse_lp1.0_norep1_bgrps1_nbest5_repp1.2_softFalse_temp1.0_topk0_topp1.0_bs1.txt
37.9572;39.7513;4.1113;58.6188;59.3313;58.8417;71.0202;68.1344;69.4557;188.3427;1065.3771;40.0272;27.6699;85.7636;92.7084;25.1444;73.4081;1.022;2.1465;0.7563;0.0227;0.2245;0.2491;8.5375;/home/user/kew/projects/simple_fudge/resources/fudge/results/bart_large_muss_mined_en/newsela_l4_article_paragraphs/newsela_manual_v0_v2_test/lambda5.0_pretopk100_beams5_estopFalse_maxl128_minl10_sampleFalse_lp1.0_norep1_bgrps1_nbest5_repp1.0_softFalse_temp1.0_topk0_topp1.0_bs1.txt
38.5325;39.7352;5.6438;61.6268;62.235;61.8629;74.5585;71.832;73.1399;89.7911;113.3199;44.1336;26.4139;87.4775;96.1169;25.8975;74.941;1.0271;1.7293;0.7808;0.0312;0.223;0.2327;8.4837;/home/user/kew/projects/simple_fudge/resources/fudge/results/bart_large_muss_mined_en/newsela_l4_article_paragraphs/newsela_manual_v0_v2_test/lambda5.0_pretopk200_beams5_estopFalse_maxl128_minl10_sampleFalse_lp1.0_norep1_bgrps1_nbest5_repp1.2_softFalse_temp1.0_topk0_topp1.0_bs1.txt
34.4049;39.9957;6.2649;58.0744;58.7698;58.3714;81.2619;74.435;77.7923;93.6806;132.996;50.5926;24.2071;90.0921;97.568;27.993;78.2378;0.9422;1.3812;0.8042;0.0291;0.1675;0.2384;8.5319;/home/user/kew/projects/simple_fudge/resources/fudge/results/bart_large_muss_mined_en/newsela_l4_article_paragraphs/newsela_manual_v0_v3_test/lambda3.0_pretopk200_beams5_estopFalse_maxl128_minl10_sampleFalse_lp1.0_norep1_bgrps1_nbest5_repp1.2_softFalse_temp1.0_topk0_topp1.0_bs1.txt
30.4075;40.8322;3.8532;51.342;54.8369;52.9624;71.009;68.4389;69.5952;205.6547;1137.5173;38.9708;27.2952;85.6938;92.7185;26.1584;74.3577;1.0268;2.2377;0.7579;0.0194;0.2278;0.2485;8.5594;/home/user/kew/projects/simple_fudge/resources/fudge/results/bart_large_muss_mined_en/newsela_l4_article_paragraphs/newsela_manual_v0_v3_test/lambda5.0_pretopk100_beams5_estopFalse_maxl128_minl10_sampleFalse_lp1.0_norep1_bgrps1_nbest5_repp1.0_softFalse_temp1.0_topk0_topp1.0_bs1.txt
30.6437;41.1517;5.1195;53.4067;56.7592;55.0346;73.6995;70.9116;72.2644;105.494;147.9456;41.7998;26.9446;87.7211;96.4766;27.3962;76.602;1.0024;1.7792;0.776;0.0259;0.2314;0.2453;8.5274;/home/user/kew/projects/simple_fudge/resources/fudge/results/bart_large_muss_mined_en/newsela_l4_article_paragraphs/newsela_manual_v0_v3_test/lambda5.0_pretopk200_beams5_estopFalse_maxl128_minl10_sampleFalse_lp1.0_norep1_bgrps1_nbest5_repp1.2_softFalse_temp1.0_topk0_topp1.0_bs1.txt
25.1485;25.6114;9.4138;49.6919;57.7321;53.6039;90.8469;88.3846;89.5801;96.9709;361.835;53.5839;17.202;90.9001;98.3698;30.8316;79.769;0.9828;1.0098;0.8861;0.1797;0.0836;0.106;8.6224;/home/user/kew/projects/simple_fudge/resources/fudge/results/bart_large_muss_mined_en/newsela_l4_article_paragraphs/newsela_manual_v0_v4_test/lambda0.0_pretopk200_beams5_estopFalse_maxl128_minl10_sampleFalse_lp1.0_norep1_bgrps1_nbest5_repp1.2_softFalse_temp1.0_topk0_topp1.0_bs1.txt
26.1352;30.7721;8.4852;51.32;56.6314;53.9095;89.6644;82.368;85.9598;78.4991;68.2041;54.4442;18.5327;92.1798;98.8888;31.8468;81.5443;0.917;1.0405;0.8628;0.0625;0.0869;0.1729;8.6431;/home/user/kew/projects/simple_fudge/resources/fudge/results/bart_large_muss_mined_en/newsela_l4_article_paragraphs/newsela_manual_v0_v4_test/lambda1.0_pretopk200_beams5_estopFalse_maxl128_minl10_sampleFalse_lp1.0_norep1_bgrps1_nbest5_repp1.2_softFalse_temp1.0_topk0_topp1.0_bs1.txt
21.8614;37.4947;5.9552;46.6416;53.1008;49.7906;77.4686;73.4192;75.4032;89.1019;91.6052;47.2439;24.6506;88.334;96.8662;29.2584;78.0495;0.9848;1.5997;0.7902;0.0156;0.2109;0.2406;8.5476;/home/user/kew/projects/simple_fudge/resources/fudge/results/bart_large_muss_mined_en/newsela_l4_article_paragraphs/newsela_manual_v0_v4_test/lambda4.0_pretopk200_beams5_estopFalse_maxl128_minl10_sampleFalse_lp1.0_norep1_bgrps1_nbest5_repp1.2_softFalse_temp1.0_topk0_topp1.0_bs1.txt
21.2863;37.4247;4.5806;42.6013;49.6131;45.989;71.2131;68.6208;69.8228;224.6235;1244.8248;37.7642;26.6325;85.3806;92.709;28.198;75.6068;1.0233;1.9809;0.7592;0.0117;0.2272;0.2473;8.6293;/home/user/kew/projects/simple_fudge/resources/fudge/results/bart_large_muss_mined_en/newsela_l4_article_paragraphs/newsela_manual_v0_v4_test/lambda5.0_pretopk100_beams5_estopFalse_maxl128_minl10_sampleFalse_lp1.0_norep1_bgrps1_nbest5_repp1.0_softFalse_temp1.0_topk0_topp1.0_bs1.txt
21.1837;37.5305;5.5652;44.6638;52.3973;48.4364;74.6453;72.7298;73.6264;88.0855;82.1551;41.7944;25.6233;87.0694;96.3458;28.9474;77.3813;1.0507;1.8152;0.785;0.0234;0.2302;0.2269;8.5552;/home/user/kew/projects/simple_fudge/resources/fudge/results/bart_large_muss_mined_en/newsela_l4_article_paragraphs/newsela_manual_v0_v4_test/lambda5.0_pretopk200_beams5_estopFalse_maxl128_minl10_sampleFalse_lp1.0_norep1_bgrps1_nbest5_repp1.2_softFalse_temp1.0_topk0_topp1.0_bs1.txt
18.8332;38.7515;4.7618;41.1633;50.526;45.7376;67.3522;67.8504;67.5267;104.6493;108.3377;35.0774;27.7964;84.9475;95.0933;27.6987;75.1137;1.1124;2.1775;0.7479;0.0039;0.2898;0.2411;8.5699;/home/user/kew/projects/simple_fudge/resources/fudge/results/bart_large_muss_mined_en/newsela_l4_article_paragraphs/newsela_manual_v0_v4_test/lambda7.0_pretopk200_beams5_estopFalse_maxl128_minl10_sampleFalse_lp1.0_norep1_bgrps1_nbest5_repp1.2_softFalse_temp1.0_topk0_topp1.0_bs1.txt
61.6826;36.1046;8.8121;81.1073;77.6785;79.3071;90.5481;85.3177;87.8775;93.4804;315.4197;61.1281;16.6437;92.1739;98.6081;27.7408;77.4267;0.9414;1.0063;0.876;0.1315;0.0746;0.1342;8.5682;/home/user/kew/projects/simple_fudge/resources/fudge/results/bart_large_muss_mined_en/newsela-lp_l1_article_paragraphs/newsela_manual_v0_v1_test/lambda1.0_pretopk200_beams5_estopFalse_maxl128_minl10_sampleFalse_lp1.0_norep1_bgrps1_nbest5_repp1.2_softFalse_temp1.0_topk0_topp1.0_bs1.txt
48.0243;38.3243;7.422;69.7762;68.0552;68.8421;86.3339;80.7252;83.4579;95.8759;326.4176;58.1861;19.5549;90.8133;97.8634;26.9639;75.6593;0.9647;1.2517;0.8408;0.0793;0.1225;0.1705;8.5633;/home/user/kew/projects/simple_fudge/resources/fudge/results/bart_large_muss_mined_en/newsela-lp_l2_article_paragraphs/newsela_manual_v0_v2_test/lambda4.0_pretopk200_beams5_estopFalse_maxl128_minl10_sampleFalse_lp1.0_norep1_bgrps1_nbest5_repp1.2_softFalse_temp1.0_topk0_topp1.0_bs1.txt
32.4647;39.5589;6.4386;57.4381;61.1293;59.2265;79.7089;76.8253;78.2202;122.4903;551.5982;52.6881;21.3791;89.5448;96.9541;27.078;75.5089;1.0021;1.454;0.8055;0.0194;0.1963;0.2032;8.4901;/home/user/kew/projects/simple_fudge/resources/fudge/results/bart_large_muss_mined_en/newsela-lp_l3_article_paragraphs/newsela_manual_v0_v3_test/lambda4.0_pretopk200_beams5_estopFalse_maxl128_minl10_sampleFalse_lp1.0_norep1_bgrps1_nbest5_repp1.2_softFalse_temp1.0_topk0_topp1.0_bs1.txt
18.3659;37.0305;4.5992;43.1524;49.9696;46.4969;70.2514;67.4569;68.807;99.6836;105.3144;41.6324;24.3531;88.0722;97.7096;29.3849;78.0428;1.0248;2.1416;0.7558;0.0039;0.2792;0.2796;8.5405;/home/user/kew/projects/simple_fudge/resources/fudge/results/bart_large_muss_mined_en/newsela-lp_l4_article_paragraphs/newsela_manual_v0_v4_test/lambda5.0_pretopk200_beams5_estopFalse_maxl128_minl10_sampleFalse_lp1.0_norep1_bgrps1_nbest5_repp1.2_softFalse_temp1.0_topk0_topp1.0_bs1.txt

